BUKRS,BELNR,GJAHR,BUZEI,BUDAT,BLDAT,WAERS,WRBTR,SHKZG,HKONT,KOSTL,MWSKZ,SGTXT,LIFNR,KUNNR,AUGDT,AUGBL,ZUONR,XBLNR,BSCHL,KOART
1000,1900000001,2024,1,2024-01-15,2024-01-15,USD,15000.00,S,400000,1000,V0,Office Supplies Purchase,VEND001,,,,INV-2024-001,PO-2024-001,40,K
1000,1900000001,2024,2,2024-01-15,2024-01-15,USD,2850.00,S,154000,1000,V0,Input Tax,VEND001,,,,INV-2024-001,PO-2024-001,40,K
1000,1900000001,2024,3,2024-01-15,2024-01-15,USD,17850.00,H,160000,,,Vendor Payment,VEND001,,,,INV-2024-001,PO-2024-001,31,K
1000,1900000002,2024,1,2024-01-16,2024-01-16,USD,45000.00,S,520000,2000,V0,IT Equipment Purchase,VEND002,,,,INV-2024-002,PO-2024-002,40,K
1000,1900000002,2024,2,2024-01-16,2024-01-16,USD,8550.00,S,154000,2000,V0,Input Tax,VEND002,,,,INV-2024-002,PO-2024-002,40,K
1000,1900000002,2024,3,2024-01-16,2024-01-16,USD,53550.00,H,160000,,,Vendor Payment,VEND002,,,,INV-2024-002,PO-2024-002,31,K
1000,1900000003,2024,1,2024-01-17,2024-01-17,EUR,8500.00,S,476000,3000,V1,Consulting Services,VEND003,,,,INV-2024-003,PO-2024-003,40,K
1000,1900000003,2024,2,2024-01-17,2024-01-17,EUR,1615.00,S,154000,3000,V1,Input Tax,VEND003,,,,INV-2024-003,PO-2024-003,40,K
1000,1900000003,2024,3,2024-01-17,2024-01-17,EUR,10115.00,H,160000,,,Vendor Payment,VEND003,,,,INV-2024-003,PO-2024-003,31,K
1000,1900000004,2024,1,2024-01-18,2024-01-18,USD,125000.00,H,800000,,,Customer Invoice,,,CUST001,,,INV-OUT-001,01,D
1000,1900000004,2024,2,2024-01-18,2024-01-18,USD,23750.00,H,175000,,V0,Output Tax,,,CUST001,,,INV-OUT-001,50,D
1000,1900000004,2024,3,2024-01-18,2024-01-18,USD,148750.00,S,140000,,,Customer Receivable,,,CUST001,,,INV-OUT-001,50,D
1000,1900000005,2024,1,2024-01-20,2024-01-20,USD,3200.00,S,476000,1000,V0,Marketing Services,VEND004,,,,INV-2024-004,PO-2024-004,40,K
1000,1900000005,2024,2,2024-01-20,2024-01-20,USD,608.00,S,154000,1000,V0,Input Tax,VEND004,,,,INV-2024-004,PO-2024-004,40,K
1000,1900000005,2024,3,2024-01-20,2024-01-20,USD,3808.00,H,160000,,,Vendor Payment,VEND004,,,,INV-2024-004,PO-2024-004,31,K
1000,1900000006,2024,1,2024-01-22,2024-01-22,USD,28000.00,S,476000,4000,V0,Legal Services,VEND005,,,,INV-2024-005,PO-2024-005,40,K
1000,1900000006,2024,2,2024-01-22,2024-01-22,USD,5320.00,S,154000,4000,V0,Input Tax,VEND005,,,,INV-2024-005,PO-2024-005,40,K
1000,1900000006,2024,3,2024-01-22,2024-01-22,USD,33320.00,H,160000,,,Vendor Payment,VEND005,,,,INV-2024-005,PO-2024-005,31,K
1000,1900000007,2024,1,2024-01-23,2024-01-23,USD,12500.00,S,400000,2000,V0,Office Furniture,VEND006,,,,INV-2024-006,PO-2024-006,40,K
1000,1900000007,2024,2,2024-01-23,2024-01-23,USD,2375.00,S,154000,2000,V0,Input Tax,VEND006,,,,INV-2024-006,PO-2024-006,40,K
1000,1900000007,2024,3,2024-01-23,2024-01-23,USD,14875.00,H,160000,,,Vendor Payment,VEND006,,,,INV-2024-006,PO-2024-006,31,K
1000,1900000008,2024,1,2024-01-25,2024-01-25,EUR,65000.00,H,800000,,,Customer Invoice,,,CUST002,,,INV-OUT-002,01,D
1000,1900000008,2024,2,2024-01-25,2024-01-25,EUR,12350.00,H,175000,,V1,Output Tax,,,CUST002,,,INV-OUT-002,50,D
1000,1900000008,2024,3,2024-01-25,2024-01-25,EUR,77350.00,S,140000,,,Customer Receivable,,,CUST002,,,INV-OUT-002,50,D
1000,1900000009,2024,1,2024-01-26,2024-01-26,USD,5600.00,S,476000,3000,V0,Training Services,VEND007,,,,INV-2024-007,PO-2024-007,40,K
1000,1900000009,2024,2,2024-01-26,2024-01-26,USD,1064.00,S,154000,3000,V0,Input Tax,VEND007,,,,INV-2024-007,PO-2024-007,40,K
1000,1900000009,2024,3,2024-01-26,2024-01-26,USD,6664.00,H,160000,,,Vendor Payment,VEND007,,,,INV-2024-007,PO-2024-007,31,K
1000,1900000010,2024,1,2024-01-28,2024-01-28,USD,18500.00,S,520000,1000,V0,Software Licenses,VEND008,,,,INV-2024-008,PO-2024-008,40,K
1000,1900000010,2024,2,2024-01-28,2024-01-28,USD,3515.00,S,154000,1000,V0,Input Tax,VEND008,,,,INV-2024-008,PO-2024-008,40,K
1000,1900000010,2024,3,2024-01-28,2024-01-28,USD,22015.00,H,160000,,,Vendor Payment,VEND008,,,,INV-2024-008,PO-2024-008,31,K
1000,1900000011,2024,1,2024-01-30,2024-01-30,USD,95000.00,H,800000,,,Customer Invoice,,,CUST003,,,INV-OUT-003,01,D
1000,1900000011,2024,2,2024-01-30,2024-01-30,USD,18050.00,H,175000,,V0,Output Tax,,,CUST003,,,INV-OUT-003,50,D
1000,1900000011,2024,3,2024-01-30,2024-01-30,USD,113050.00,S,140000,,,Customer Receivable,,,CUST003,,,INV-OUT-003,50,D
1000,1900000012,2024,1,2024-02-01,2024-02-01,USD,7800.00,S,476000,2000,V0,Maintenance Services,VEND009,,,,INV-2024-009,PO-2024-009,40,K
1000,1900000012,2024,2,2024-02-01,2024-02-01,USD,1482.00,S,154000,2000,V0,Input Tax,VEND009,,,,INV-2024-009,PO-2024-009,40,K
1000,1900000012,2024,3,2024-02-01,2024-02-01,USD,9282.00,H,160000,,,Vendor Payment,VEND009,,,,INV-2024-009,PO-2024-009,31,K
1000,1900000013,2024,1,2024-02-03,2024-02-03,EUR,42000.00,S,476000,4000,V1,Audit Services,VEND010,,,,INV-2024-010,PO-2024-010,40,K
1000,1900000013,2024,2,2024-02-03,2024-02-03,EUR,7980.00,S,154000,4000,V1,Input Tax,VEND010,,,,INV-2024-010,PO-2024-010,40,K
1000,1900000013,2024,3,2024-02-03,2024-02-03,EUR,49980.00,H,160000,,,Vendor Payment,VEND010,,,,INV-2024-010,PO-2024-010,31,K
1000,1900000014,2024,1,2024-02-05,2024-02-05,USD,22000.00,S,400000,3000,V0,Office Supplies,VEND001,,,,INV-2024-011,PO-2024-011,40,K
1000,1900000014,2024,2,2024-02-05,2024-02-05,USD,4180.00,S,154000,3000,V0,Input Tax,VEND001,,,,INV-2024-011,PO-2024-011,40,K
1000,1900000014,2024,3,2024-02-05,2024-02-05,USD,26180.00,H,160000,,,Vendor Payment,VEND001,,,,INV-2024-011,PO-2024-011,31,K
1000,1900000015,2024,1,2024-02-07,2024-02-07,USD,156000.00,H,800000,,,Customer Invoice,,,CUST004,,,INV-OUT-004,01,D
1000,1900000015,2024,2,2024-02-07,2024-02-07,USD,29640.00,H,175000,,V0,Output Tax,,,CUST004,,,INV-OUT-004,50,D
1000,1900000015,2024,3,2024-02-07,2024-02-07,USD,185640.00,S,140000,,,Customer Receivable,,,CUST004,,,INV-OUT-004,50,D
1000,1900000016,2024,1,2024-02-08,2024-02-08,USD,38000.00,S,520000,1000,V0,Hardware Purchase,VEND002,,,,INV-2024-012,PO-2024-012,40,K
1000,1900000016,2024,2,2024-02-08,2024-02-08,USD,7220.00,S,154000,1000,V0,Input Tax,VEND002,,,,INV-2024-012,PO-2024-012,40,K
1000,1900000016,2024,3,2024-02-08,2024-02-08,USD,45220.00,H,160000,,,Vendor Payment,VEND002,,,,INV-2024-012,PO-2024-012,31,K
1000,1900000017,2024,1,2024-02-10,2024-02-10,EUR,15500.00,S,476000,2000,V1,Consulting Services,VEND003,,,,INV-2024-013,PO-2024-013,40,K
1000,1900000017,2024,2,2024-02-10,2024-02-10,EUR,2945.00,S,154000,2000,V1,Input Tax,VEND003,,,,INV-2024-013,PO-2024-013,40,K
1000,1900000017,2024,3,2024-02-10,2024-02-10,EUR,18445.00,H,160000,,,Vendor Payment,VEND003,,,,INV-2024-013,PO-2024-013,31,K
1000,1900000018,2024,1,2024-02-12,2024-02-12,USD,4500.00,S,476000,3000,V0,Marketing Campaign,VEND004,,,,INV-2024-014,PO-2024-014,40,K
1000,1900000018,2024,2,2024-02-12,2024-02-12,USD,855.00,S,154000,3000,V0,Input Tax,VEND004,,,,INV-2024-014,PO-2024-014,40,K
1000,1900000018,2024,3,2024-02-12,2024-02-12,USD,5355.00,H,160000,,,Vendor Payment,VEND004,,,,INV-2024-014,PO-2024-014,31,K
1000,1900000019,2024,1,2024-02-14,2024-02-14,USD,72000.00,H,800000,,,Customer Invoice,,,CUST005,,,INV-OUT-005,01,D
1000,1900000019,2024,2,2024-02-14,2024-02-14,USD,13680.00,H,175000,,V0,Output Tax,,,CUST005,,,INV-OUT-005,50,D
1000,1900000019,2024,3,2024-02-14,2024-02-14,USD,85680.00,S,140000,,,Customer Receivable,,,CUST005,,,INV-OUT-005,50,D
1000,1900000020,2024,1,2024-02-15,2024-02-15,USD,19500.00,S,476000,4000,V0,Legal Consultation,VEND005,,,,INV-2024-015,PO-2024-015,40,K
1000,1900000020,2024,2,2024-02-15,2024-02-15,USD,3705.00,S,154000,4000,V0,Input Tax,VEND005,,,,INV-2024-015,PO-2024-015,40,K
1000,1900000020,2024,3,2024-02-15,2024-02-15,USD,23205.00,H,160000,,,Vendor Payment,VEND005,,,,INV-2024-015,PO-2024-015,31,K
1000,1900000021,2024,1,2024-02-17,2024-02-17,USD,8900.00,S,400000,1000,V0,Office Equipment,VEND006,,,,INV-2024-016,PO-2024-016,40,K
1000,1900000021,2024,2,2024-02-17,2024-02-17,USD,1691.00,S,154000,1000,V0,Input Tax,VEND006,,,,INV-2024-016,PO-2024-016,40,K
1000,1900000021,2024,3,2024-02-17,2024-02-17,USD,10591.00,H,160000,,,Vendor Payment,VEND006,,,,INV-2024-016,PO-2024-016,31,K
1000,1900000022,2024,1,2024-02-19,2024-02-19,EUR,88000.00,H,800000,,,Customer Invoice,,,CUST006,,,INV-OUT-006,01,D
1000,1900000022,2024,2,2024-02-19,2024-02-19,EUR,16720.00,H,175000,,V1,Output Tax,,,CUST006,,,INV-OUT-006,50,D
1000,1900000022,2024,3,2024-02-19,2024-02-19,EUR,104720.00,S,140000,,,Customer Receivable,,,CUST006,,,INV-OUT-006,50,D
1000,1900000023,2024,1,2024-02-20,2024-02-20,USD,9200.00,S,476000,2000,V0,Training Program,VEND007,,,,INV-2024-017,PO-2024-017,40,K
1000,1900000023,2024,2,2024-02-20,2024-02-20,USD,1748.00,S,154000,2000,V0,Input Tax,VEND007,,,,INV-2024-017,PO-2024-017,40,K
1000,1900000023,2024,3,2024-02-20,2024-02-20,USD,10948.00,H,160000,,,Vendor Payment,VEND007,,,,INV-2024-017,PO-2024-017,31,K
1000,1900000024,2024,1,2024-02-22,2024-02-22,USD,32000.00,S,520000,3000,V0,Software Subscription,VEND008,,,,INV-2024-018,PO-2024-018,40,K
1000,1900000024,2024,2,2024-02-22,2024-02-22,USD,6080.00,S,154000,3000,V0,Input Tax,VEND008,,,,INV-2024-018,PO-2024-018,40,K
1000,1900000024,2024,3,2024-02-22,2024-02-22,USD,38080.00,H,160000,,,Vendor Payment,VEND008,,,,INV-2024-018,PO-2024-018,31,K
1000,1900000025,2024,1,2024-02-24,2024-02-24,USD,145000.00,H,800000,,,Customer Invoice,,,CUST007,,,INV-OUT-007,01,D
1000,1900000025,2024,2,2024-02-24,2024-02-24,USD,27550.00,H,175000,,V0,Output Tax,,,CUST007,,,INV-OUT-007,50,D
1000,1900000025,2024,3,2024-02-24,2024-02-24,USD,172550.00,S,140000,,,Customer Receivable,,,CUST007,,,INV-OUT-007,50,D
1000,1900000026,2024,1,2024-02-26,2024-02-26,USD,11200.00,S,476000,4000,V0,Facility Management,VEND009,,,,INV-2024-019,PO-2024-019,40,K
1000,1900000026,2024,2,2024-02-26,2024-02-26,USD,2128.00,S,154000,4000,V0,Input Tax,VEND009,,,,INV-2024-019,PO-2024-019,40,K
1000,1900000026,2024,3,2024-02-26,2024-02-26,USD,13328.00,H,160000,,,Vendor Payment,VEND009,,,,INV-2024-019,PO-2024-019,31,K
1000,1900000027,2024,1,2024-02-28,2024-02-28,EUR,58000.00,S,476000,1000,V1,Tax Advisory,VEND010,,,,INV-2024-020,PO-2024-020,40,K
1000,1900000027,2024,2,2024-02-28,2024-02-28,EUR,11020.00,S,154000,1000,V1,Input Tax,VEND010,,,,INV-2024-020,PO-2024-020,40,K
1000,1900000027,2024,3,2024-02-28,2024-02-28,EUR,69020.00,H,160000,,,Vendor Payment,VEND010,,,,INV-2024-020,PO-2024-020,31,K
1000,1900000028,2024,1,2024-03-01,2024-03-01,USD,16500.00,S,400000,2000,V0,Stationery Supplies,VEND001,,,,INV-2024-021,PO-2024-021,40,K
1000,1900000028,2024,2,2024-03-01,2024-03-01,USD,3135.00,S,154000,2000,V0,Input Tax,VEND001,,,,INV-2024-021,PO-2024-021,40,K
1000,1900000028,2024,3,2024-03-01,2024-03-01,USD,19635.00,H,160000,,,Vendor Payment,VEND001,,,,INV-2024-021,PO-2024-021,31,K
1000,1900000029,2024,1,2024-03-03,2024-03-03,USD,198000.00,H,800000,,,Customer Invoice,,,CUST008,,,INV-OUT-008,01,D
1000,1900000029,2024,2,2024-03-03,2024-03-03,USD,37620.00,H,175000,,V0,Output Tax,,,CUST008,,,INV-OUT-008,50,D
1000,1900000029,2024,3,2024-03-03,2024-03-03,USD,235620.00,S,140000,,,Customer Receivable,,,CUST008,,,INV-OUT-008,50,D
1000,1900000030,2024,1,2024-03-05,2024-03-05,USD,52000.00,S,520000,3000,V0,Network Equipment,VEND002,,,,INV-2024-022,PO-2024-022,40,K
1000,1900000030,2024,2,2024-03-05,2024-03-05,USD,9880.00,S,154000,3000,V0,Input Tax,VEND002,,,,INV-2024-022,PO-2024-022,40,K
1000,1900000030,2024,3,2024-03-05,2024-03-05,USD,61880.00,H,160000,,,Vendor Payment,VEND002,,,,INV-2024-022,PO-2024-022,31,K
1000,1900000031,2024,1,2024-03-07,2024-03-07,EUR,24500.00,S,476000,4000,V1,Business Consulting,VEND003,,,,INV-2024-023,PO-2024-023,40,K
1000,1900000031,2024,2,2024-03-07,2024-03-07,EUR,4655.00,S,154000,4000,V1,Input Tax,VEND003,,,,INV-2024-023,PO-2024-023,40,K
1000,1900000031,2024,3,2024-03-07,2024-03-07,EUR,29155.00,H,160000,,,Vendor Payment,VEND003,,,,INV-2024-023,PO-2024-023,31,K
1000,1900000032,2024,1,2024-03-08,2024-03-08,USD,6800.00,S,476000,1000,V0,Digital Marketing,VEND004,,,,INV-2024-024,PO-2024-024,40,K
1000,1900000032,2024,2,2024-03-08,2024-03-08,USD,1292.00,S,154000,1000,V0,Input Tax,VEND004,,,,INV-2024-024,PO-2024-024,40,K
1000,1900000032,2024,3,2024-03-08,2024-03-08,USD,8092.00,H,160000,,,Vendor Payment,VEND004,,,,INV-2024-024,PO-2024-024,31,K
1000,1900000033,2024,1,2024-03-10,2024-03-10,USD,112000.00,H,800000,,,Customer Invoice,,,CUST009,,,INV-OUT-009,01,D
1000,1900000033,2024,2,2024-03-10,2024-03-10,USD,21280.00,H,175000,,V0,Output Tax,,,CUST009,,,INV-OUT-009,50,D
1000,1900000033,2024,3,2024-03-10,2024-03-10,USD,133280.00,S,140000,,,Customer Receivable,,,CUST009,,,INV-OUT-009,50,D
1000,1900000034,2024,1,2024-03-12,2024-03-12,USD,35000.00,S,476000,2000,V0,Legal Services,VEND005,,,,INV-2024-025,PO-2024-025,40,K
1000,1900000034,2024,2,2024-03-12,2024-03-12,USD,6650.00,S,154000,2000,V0,Input Tax,VEND005,,,,INV-2024-025,PO-2024-025,40,K
1000,1900000034,2024,3,2024-03-12,2024-03-12,USD,41650.00,H,160000,,,Vendor Payment,VEND005,,,,INV-2024-025,PO-2024-025,31,K
1000,1900000035,2024,1,2024-03-14,2024-03-14,USD,14200.00,S,400000,3000,V0,Office Renovation,VEND006,,,,INV-2024-026,PO-2024-026,40,K
1000,1900000035,2024,2,2024-03-14,2024-03-14,USD,2698.00,S,154000,3000,V0,Input Tax,VEND006,,,,INV-2024-026,PO-2024-026,40,K
1000,1900000035,2024,3,2024-03-14,2024-03-14,USD,16898.00,H,160000,,,Vendor Payment,VEND006,,,,INV-2024-026,PO-2024-026,31,K
1000,1900000036,2024,1,2024-03-16,2024-03-16,EUR,135000.00,H,800000,,,Customer Invoice,,,CUST010,,,INV-OUT-010,01,D
1000,1900000036,2024,2,2024-03-16,2024-03-16,EUR,25650.00,H,175000,,V1,Output Tax,,,CUST010,,,INV-OUT-010,50,D
1000,1900000036,2024,3,2024-03-16,2024-03-16,EUR,160650.00,S,140000,,,Customer Receivable,,,CUST010,,,INV-OUT-010,50,D
1000,1900000037,2024,1,2024-03-18,2024-03-18,USD,12800.00,S,476000,4000,V0,Employee Training,VEND007,,,,INV-2024-027,PO-2024-027,40,K
1000,1900000037,2024,2,2024-03-18,2024-03-18,USD,2432.00,S,154000,4000,V0,Input Tax,VEND007,,,,INV-2024-027,PO-2024-027,40,K
1000,1900000037,2024,3,2024-03-18,2024-03-18,USD,15232.00,H,160000,,,Vendor Payment,VEND007,,,,INV-2024-027,PO-2024-027,31,K
1000,1900000038,2024,1,2024-03-20,2024-03-20,USD,28500.00,S,520000,2000,V0,Cloud Services,VEND008,,,,INV-2024-028,PO-2024-028,40,K
1000,1900000038,2024,2,2024-03-20,2024-03-20,USD,5415.00,S,154000,2000,V0,Input Tax,VEND008,,,,INV-2024-028,PO-2024-028,40,K
1000,1900000038,2024,3,2024-03-20,2024-03-20,USD,33915.00,H,160000,,,Vendor Payment,VEND008,,,,INV-2024-028,PO-2024-028,31,K
1000,1900000039,2024,1,2024-03-22,2024-03-22,USD,175000.00,H,800000,,,Customer Invoice,,,CUST
1000,1900000040,2024,1,2024-03-22,2024-03-22,EUR,216125.00,H,800000,,,Customer Invoice,,CUST003,,,,INV-OUT-040,01,D
1000,1900000040,2024,2,2024-03-22,2024-03-22,EUR,41063.00,H,175000,,V1,Output Tax,,CUST003,,,,INV-OUT-040,50,D
1000,1900000040,2024,3,2024-03-22,2024-03-22,EUR,257188.00,S,140000,,,Customer Receivable,,CUST003,,,,INV-OUT-040,50,D
1000,1900000041,2024,1,2024-03-24,2024-03-24,USD,59789.00,S,476000,3000,V0,Training Services,VEND006,,,,,INV-2024-041,40,K
1000,1900000041,2024,2,2024-03-24,2024-03-24,USD,11359.00,S,154000,3000,V0,Input Tax,VEND006,,,,,INV-2024-041,40,K
1000,1900000041,2024,3,2024-03-24,2024-03-24,USD,71148.00,H,160000,,,Vendor Payment,VEND006,,,,,INV-2024-041,31,K
1000,1900000042,2024,1,2024-03-26,2024-03-26,USD,63940.00,S,400000,1000,V0,Legal Services,VEND005,,,,,INV-2024-042,40,K
1000,1900000042,2024,2,2024-03-26,2024-03-26,USD,12148.00,S,154000,1000,V0,Input Tax,VEND005,,,,,INV-2024-042,40,K
1000,1900000042,2024,3,2024-03-26,2024-03-26,USD,76088.00,H,160000,,,Vendor Payment,VEND005,,,,,INV-2024-042,31,K
1000,1900000043,2024,1,2024-03-28,2024-03-28,USD,138101.00,H,800000,,,Customer Invoice,,CUST005,,,,INV-OUT-043,01,D
1000,1900000043,2024,2,2024-03-28,2024-03-28,USD,26239.00,H,175000,,V0,Output Tax,,CUST005,,,,INV-OUT-043,50,D
1000,1900000043,2024,3,2024-03-28,2024-03-28,USD,164340.00,S,140000,,,Customer Receivable,,CUST005,,,,INV-OUT-043,50,D
1000,1900000044,2024,1,2024-03-30,2024-03-30,USD,65291.00,S,520000,4000,V0,Employee Training,VEND009,,,,,INV-2024-044,40,K
1000,1900000044,2024,2,2024-03-30,2024-03-30,USD,12405.00,S,154000,4000,V0,Input Tax,VEND009,,,,,INV-2024-044,40,K
1000,1900000044,2024,3,2024-03-30,2024-03-30,USD,77696.00,H,160000,,,Vendor Payment,VEND009,,,,,INV-2024-044,31,K
1000,1900000045,2024,1,2024-04-01,2024-04-01,EUR,16088.00,S,520000,1000,V1,Office Supplies,VEND001,,,,,INV-2024-045,40,K
1000,1900000045,2024,2,2024-04-01,2024-04-01,EUR,3056.00,S,154000,1000,V1,Input Tax,VEND001,,,,,INV-2024-045,40,K
1000,1900000045,2024,3,2024-04-01,2024-04-01,EUR,19144.00,H,160000,,,Vendor Payment,VEND001,,,,,INV-2024-045,31,K
1000,1900000046,2024,1,2024-04-03,2024-04-03,EUR,158796.00,H,800000,,,Customer Invoice,,CUST007,,,,INV-OUT-046,01,D
1000,1900000046,2024,2,2024-04-03,2024-04-03,EUR,30171.00,H,175000,,V1,Output Tax,,CUST007,,,,INV-OUT-046,50,D
1000,1900000046,2024,3,2024-04-03,2024-04-03,EUR,188967.00,S,140000,,,Customer Receivable,,CUST007,,,,INV-OUT-046,50,D
1000,1900000047,2024,1,2024-04-05,2024-04-05,USD,72666.00,S,520000,4000,V0,Security Services,VEND010,,,,,INV-2024-047,40,K
1000,1900000047,2024,2,2024-04-05,2024-04-05,USD,13806.00,S,154000,4000,V0,Input Tax,VEND010,,,,,INV-2024-047,40,K
1000,1900000047,2024,3,2024-04-05,2024-04-05,USD,86472.00,H,160000,,,Vendor Payment,VEND010,,,,,INV-2024-047,31,K
1000,1900000048,2024,1,2024-04-07,2024-04-07,EUR,25211.00,S,520000,2000,V1,Software Licenses,VEND002,,,,,INV-2024-048,40,K
1000,1900000048,2024,2,2024-04-07,2024-04-07,EUR,4790.00,S,154000,2000,V1,Input Tax,VEND002,,,,,INV-2024-048,40,K
1000,1900000048,2024,3,2024-04-07,2024-04-07,EUR,30001.00,H,160000,,,Vendor Payment,VEND002,,,,,INV-2024-048,31,K
1000,1900000049,2024,1,2024-04-09,2024-04-09,USD,188285.00,H,800000,,,Customer Invoice,,CUST002,,,,INV-OUT-049,01,D
1000,1900000049,2024,2,2024-04-09,2024-04-09,USD,35774.00,H,175000,,V0,Output Tax,,CUST002,,,,INV-OUT-049,50,D
1000,1900000049,2024,3,2024-04-09,2024-04-09,USD,224059.00,S,140000,,,Customer Receivable,,CUST002,,,,INV-OUT-049,50,D
1000,1900000050,2024,1,2024-04-11,2024-04-11,USD,76274.00,S,520000,3000,V0,Employee Training,VEND002,,,,,INV-2024-050,40,K
1000,1900000050,2024,2,2024-04-11,2024-04-11,USD,14492.00,S,154000,3000,V0,Input Tax,VEND002,,,,,INV-2024-050,40,K
1000,1900000050,2024,3,2024-04-11,2024-04-11,USD,90766.00,H,160000,,,Vendor Payment,VEND002,,,,,INV-2024-050,31,K
1000,1900000051,2024,1,2024-04-13,2024-04-13,USD,8521.00,S,400000,4000,V0,Cloud Services,VEND001,,,,,INV-2024-051,40,K
1000,1900000051,2024,2,2024-04-13,2024-04-13,USD,1618.00,S,154000,4000,V0,Input Tax,VEND001,,,,,INV-2024-051,40,K
1000,1900000051,2024,3,2024-04-13,2024-04-13,USD,10139.00,H,160000,,,Vendor Payment,VEND001,,,,,INV-2024-051,31,K
1000,1900000052,2024,1,2024-04-15,2024-04-15,USD,249179.00,H,800000,,,Customer Invoice,,CUST007,,,,INV-OUT-052,01,D
1000,1900000052,2024,2,2024-04-15,2024-04-15,USD,47344.00,H,175000,,V0,Output Tax,,CUST007,,,,INV-OUT-052,50,D
1000,1900000052,2024,3,2024-04-15,2024-04-15,USD,296523.00,S,140000,,,Customer Receivable,,CUST007,,,,INV-OUT-052,50,D
1000,1900000053,2024,1,2024-04-17,2024-04-17,USD,22639.00,S,476000,2000,V0,Legal Services,VEND005,,,,,INV-2024-053,40,K
1000,1900000053,2024,2,2024-04-17,2024-04-17,USD,4301.00,S,154000,2000,V0,Input Tax,VEND005,,,,,INV-2024-053,40,K
1000,1900000053,2024,3,2024-04-17,2024-04-17,USD,26940.00,H,160000,,,Vendor Payment,VEND005,,,,,INV-2024-053,31,K
1000,1900000054,2024,1,2024-04-19,2024-04-19,USD,62048.00,S,520000,2000,V0,Digital Marketing,VEND005,,,,,INV-2024-054,40,K
1000,1900000054,2024,2,2024-04-19,2024-04-19,USD,11789.00,S,154000,2000,V0,Input Tax,VEND005,,,,,INV-2024-054,40,K
1000,1900000054,2024,3,2024-04-19,2024-04-19,USD,73837.00,H,160000,,,Vendor Payment,VEND005,,,,,INV-2024-054,31,K
1000,1900000055,2024,1,2024-04-21,2024-04-21,EUR,150415.00,H,800000,,,Customer Invoice,,CUST002,,,,INV-OUT-055,01,D
1000,1900000055,2024,2,2024-04-21,2024-04-21,EUR,28578.00,H,175000,,V1,Output Tax,,CUST002,,,,INV-OUT-055,50,D
1000,1900000055,2024,3,2024-04-21,2024-04-21,EUR,178993.00,S,140000,,,Customer Receivable,,CUST002,,,,INV-OUT-055,50,D
1000,1900000056,2024,1,2024-04-23,2024-04-23,EUR,33028.00,S,520000,2000,V1,Security Services,VEND001,,,,,INV-2024-056,40,K
1000,1900000056,2024,2,2024-04-23,2024-04-23,EUR,6275.00,S,154000,2000,V1,Input Tax,VEND001,,,,,INV-2024-056,40,K
1000,1900000056,2024,3,2024-04-23,2024-04-23,EUR,39303.00,H,160000,,,Vendor Payment,VEND001,,,,,INV-2024-056,31,K
1000,1900000057,2024,1,2024-04-25,2024-04-25,USD,55252.00,S,476000,2000,V0,IT Equipment,VEND006,,,,,INV-2024-057,40,K
1000,1900000057,2024,2,2024-04-25,2024-04-25,USD,10497.00,S,154000,2000,V0,Input Tax,VEND006,,,,,INV-2024-057,40,K
1000,1900000057,2024,3,2024-04-25,2024-04-25,USD,65749.00,H,160000,,,Vendor Payment,VEND006,,,,,INV-2024-057,31,K
1000,1900000058,2024,1,2024-04-27,2024-04-27,USD,226047.00,H,800000,,,Customer Invoice,,CUST003,,,,INV-OUT-058,01,D
1000,1900000058,2024,2,2024-04-27,2024-04-27,USD,42948.00,H,175000,,V0,Output Tax,,CUST003,,,,INV-OUT-058,50,D
1000,1900000058,2024,3,2024-04-27,2024-04-27,USD,268995.00,S,140000,,,Customer Receivable,,CUST003,,,,INV-OUT-058,50,D
1000,1900000059,2024,1,2024-04-29,2024-04-29,USD,64697.00,S,520000,2000,V0,IT Equipment,VEND002,,,,,INV-2024-059,40,K
1000,1900000059,2024,2,2024-04-29,2024-04-29,USD,12292.00,S,154000,2000,V0,Input Tax,VEND002,,,,,INV-2024-059,40,K
1000,1900000059,2024,3,2024-04-29,2024-04-29,USD,76989.00,H,160000,,,Vendor Payment,VEND002,,,,,INV-2024-059,31,K
1000,1900000060,2024,1,2024-05-01,2024-05-01,EUR,55173.00,S,400000,2000,V1,Consulting Services,VEND006,,,,,INV-2024-060,40,K
1000,1900000060,2024,2,2024-05-01,2024-05-01,EUR,10482.00,S,154000,2000,V1,Input Tax,VEND006,,,,,INV-2024-060,40,K
1000,1900000060,2024,3,2024-05-01,2024-05-01,EUR,65655.00,H,160000,,,Vendor Payment,VEND006,,,,,INV-2024-060,31,K
1000,1900000061,2024,1,2024-05-03,2024-05-03,USD,130548.00,H,800000,,,Customer Invoice,,CUST001,,,,INV-OUT-061,01,D
1000,1900000061,2024,2,2024-05-03,2024-05-03,USD,24804.00,H,175000,,V0,Output Tax,,CUST001,,,,INV-OUT-061,50,D
1000,1900000061,2024,3,2024-05-03,2024-05-03,USD,155352.00,S,140000,,,Customer Receivable,,CUST001,,,,INV-OUT-061,50,D
1000,1900000062,2024,1,2024-05-05,2024-05-05,USD,28127.00,S,476000,2000,V0,Project Management,VEND006,,,,,INV-2024-062,40,K
1000,1900000062,2024,2,2024-05-05,2024-05-05,USD,5344.00,S,154000,2000,V0,Input Tax,VEND006,,,,,INV-2024-062,40,K
1000,1900000062,2024,3,2024-05-05,2024-05-05,USD,33471.00,H,160000,,,Vendor Payment,VEND006,,,,,INV-2024-062,31,K
1000,1900000063,2024,1,2024-05-07,2024-05-07,EUR,65426.00,S,520000,1000,V1,IT Equipment,VEND001,,,,,INV-2024-063,40,K
1000,1900000063,2024,2,2024-05-07,2024-05-07,EUR,12430.00,S,154000,1000,V1,Input Tax,VEND001,,,,,INV-2024-063,40,K
1000,1900000063,2024,3,2024-05-07,2024-05-07,EUR,77856.00,H,160000,,,Vendor Payment,VEND001,,,,,INV-2024-063,31,K
1000,1900000064,2024,1,2024-05-09,2024-05-09,USD,51487.00,H,800000,,,Customer Invoice,,CUST007,,,,INV-OUT-064,01,D
1000,1900000064,2024,2,2024-05-09,2024-05-09,USD,9782.00,H,175000,,V0,Output Tax,,CUST007,,,,INV-OUT-064,50,D
1000,1900000064,2024,3,2024-05-09,2024-05-09,USD,61269.00,S,140000,,,Customer Receivable,,CUST007,,,,INV-OUT-064,50,D
1000,1900000065,2024,1,2024-05-11,2024-05-11,USD,49107.00,S,520000,2000,V0,Network Equipment,VEND001,,,,,INV-2024-065,40,K
1000,1900000065,2024,2,2024-05-11,2024-05-11,USD,9330.00,S,154000,2000,V0,Input Tax,VEND001,,,,,INV-2024-065,40,K
1000,1900000065,2024,3,2024-05-11,2024-05-11,USD,58437.00,H,160000,,,Vendor Payment,VEND001,,,,,INV-2024-065,31,K
1000,1900000066,2024,1,2024-05-13,2024-05-13,EUR,18830.00,S,476000,1000,V1,Training Services,VEND008,,,,,INV-2024-066,40,K
1000,1900000066,2024,2,2024-05-13,2024-05-13,EUR,3577.00,S,154000,1000,V1,Input Tax,VEND008,,,,,INV-2024-066,40,K
1000,1900000066,2024,3,2024-05-13,2024-05-13,EUR,22407.00,H,160000,,,Vendor Payment,VEND008,,,,,INV-2024-066,31,K
1000,1900000067,2024,1,2024-05-15,2024-05-15,EUR,135903.00,H,800000,,,Customer Invoice,,CUST001,,,,INV-OUT-067,01,D
1000,1900000067,2024,2,2024-05-15,2024-05-15,EUR,25821.00,H,175000,,V1,Output Tax,,CUST001,,,,INV-OUT-067,50,D
1000,1900000067,2024,3,2024-05-15,2024-05-15,EUR,161724.00,S,140000,,,Customer Receivable,,CUST001,,,,INV-OUT-067,50,D
1000,1900000068,2024,1,2024-05-17,2024-05-17,USD,52510.00,S,400000,3000,V0,Business Consulting,VEND008,,,,,INV-2024-068,40,K
1000,1900000068,2024,2,2024-05-17,2024-05-17,USD,9976.00,S,154000,3000,V0,Input Tax,VEND008,,,,,INV-2024-068,40,K
1000,1900000068,2024,3,2024-05-17,2024-05-17,USD,62486.00,H,160000,,,Vendor Payment,VEND008,,,,,INV-2024-068,31,K
1000,1900000069,2024,1,2024-05-19,2024-05-19,EUR,5263.00,S,400000,1000,V1,Office Supplies,VEND006,,,,,INV-2024-069,40,K
1000,1900000069,2024,2,2024-05-19,2024-05-19,EUR,999.00,S,154000,1000,V1,Input Tax,VEND006,,,,,INV-2024-069,40,K
1000,1900000069,2024,3,2024-05-19,2024-05-19,EUR,6262.00,H,160000,,,Vendor Payment,VEND006,,,,,INV-2024-069,31,K
1000,1900000070,2024,1,2024-05-21,2024-05-21,EUR,110647.00,H,800000,,,Customer Invoice,,CUST009,,,,INV-OUT-070,01,D
1000,1900000070,2024,2,2024-05-21,2024-05-21,EUR,21022.00,H,175000,,V1,Output Tax,,CUST009,,,,INV-OUT-070,50,D
1000,1900000070,2024,3,2024-05-21,2024-05-21,EUR,131669.00,S,140000,,,Customer Receivable,,CUST009,,,,INV-OUT-070,50,D
1000,1900000071,2024,1,2024-05-23,2024-05-23,EUR,46164.00,S,400000,4000,V1,Network Equipment,VEND006,,,,,INV-2024-071,40,K
1000,1900000071,2024,2,2024-05-23,2024-05-23,EUR,8771.00,S,154000,4000,V1,Input Tax,VEND006,,,,,INV-2024-071,40,K
1000,1900000071,2024,3,2024-05-23,2024-05-23,EUR,54935.00,H,160000,,,Vendor Payment,VEND006,,,,,INV-2024-071,31,K
1000,1900000072,2024,1,2024-05-25,2024-05-25,EUR,36129.00,S,520000,2000,V1,Marketing Services,VEND003,,,,,INV-2024-072,40,K
1000,1900000072,2024,2,2024-05-25,2024-05-25,EUR,6864.00,S,154000,2000,V1,Input Tax,VEND003,,,,,INV-2024-072,40,K
1000,1900000072,2024,3,2024-05-25,2024-05-25,EUR,42993.00,H,160000,,,Vendor Payment,VEND003,,,,,INV-2024-072,31,K
1000,1900000073,2024,1,2024-05-27,2024-05-27,USD,92972.00,H,800000,,,Customer Invoice,,CUST002,,,,INV-OUT-073,01,D
1000,1900000073,2024,2,2024-05-27,2024-05-27,USD,17664.00,H,175000,,V0,Output Tax,,CUST002,,,,INV-OUT-073,50,D
1000,1900000073,2024,3,2024-05-27,2024-05-27,USD,110636.00,S,140000,,,Customer Receivable,,CUST002,,,,INV-OUT-073,50,D
1000,1900000074,2024,1,2024-05-29,2024-05-29,USD,78115.00,S,476000,1000,V0,Data Analytics,VEND006,,,,,INV-2024-074,40,K
1000,1900000074,2024,2,2024-05-29,2024-05-29,USD,14841.00,S,154000,1000,V0,Input Tax,VEND006,,,,,INV-2024-074,40,K
1000,1900000074,2024,3,2024-05-29,2024-05-29,USD,92956.00,H,160000,,,Vendor Payment,VEND006,,,,,INV-2024-074,31,K
1000,1900000075,2024,1,2024-05-31,2024-05-31,EUR,61050.00,S,476000,4000,V1,Employee Training,VEND006,,,,,INV-2024-075,40,K
1000,1900000075,2024,2,2024-05-31,2024-05-31,EUR,11599.00,S,154000,4000,V1,Input Tax,VEND006,,,,,INV-2024-075,40,K
1000,1900000075,2024,3,2024-05-31,2024-05-31,EUR,72649.00,H,160000,,,Vendor Payment,VEND006,,,,,INV-2024-075,31,K
1000,1900000076,2024,1,2024-06-02,2024-06-02,EUR,85939.00,H,800000,,,Customer Invoice,,CUST007,,,,INV-OUT-076,01,D
1000,1900000076,2024,2,2024-06-02,2024-06-02,EUR,16328.00,H,175000,,V1,Output Tax,,CUST007,,,,INV-OUT-076,50,D
1000,1900000076,2024,3,2024-06-02,2024-06-02,EUR,102267.00,S,140000,,,Customer Receivable,,CUST007,,,,INV-OUT-076,50,D
1000,1900000077,2024,1,2024-06-04,2024-06-04,EUR,28871.00,S,400000,3000,V1,Project Management,VEND009,,,,,INV-2024-077,40,K
1000,1900000077,2024,2,2024-06-04,2024-06-04,EUR,5485.00,S,154000,3000,V1,Input Tax,VEND009,,,,,INV-2024-077,40,K
1000,1900000077,2024,3,2024-06-04,2024-06-04,EUR,34356.00,H,160000,,,Vendor Payment,VEND009,,,,,INV-2024-077,31,K
1000,1900000078,2024,1,2024-06-06,2024-06-06,USD,21249.00,S,520000,3000,V0,Audit Services,VEND003,,,,,INV-2024-078,40,K
1000,1900000078,2024,2,2024-06-06,2024-06-06,USD,4037.00,S,154000,3000,V0,Input Tax,VEND003,,,,,INV-2024-078,40,K
1000,1900000078,2024,3,2024-06-06,2024-06-06,USD,25286.00,H,160000,,,Vendor Payment,VEND003,,,,,INV-2024-078,31,K
1000,1900000079,2024,1,2024-06-08,2024-06-08,USD,240232.00,H,800000,,,Customer Invoice,,CUST009,,,,INV-OUT-079,01,D
1000,1900000079,2024,2,2024-06-08,2024-06-08,USD,45644.00,H,175000,,V0,Output Tax,,CUST009,,,,INV-OUT-079,50,D
1000,1900000079,2024,3,2024-06-08,2024-06-08,USD,285876.00,S,140000,,,Customer Receivable,,CUST009,,,,INV-OUT-079,50,D
1000,1900000080,2024,1,2024-06-10,2024-06-10,EUR,48284.00,S,476000,1000,V1,Maintenance Services,VEND007,,,,,INV-2024-080,40,K
1000,1900000080,2024,2,2024-06-10,2024-06-10,EUR,9173.00,S,154000,1000,V1,Input Tax,VEND007,,,,,INV-2024-080,40,K
1000,1900000080,2024,3,2024-06-10,2024-06-10,EUR,57457.00,H,160000,,,Vendor Payment,VEND007,,,,,INV-2024-080,31,K
1000,1900000081,2024,1,2024-06-12,2024-06-12,USD,41980.00,S,400000,3000,V0,Consulting Services,VEND009,,,,,INV-2024-081,40,K
1000,1900000081,2024,2,2024-06-12,2024-06-12,USD,7976.00,S,154000,3000,V0,Input Tax,VEND009,,,,,INV-2024-081,40,K
1000,1900000081,2024,3,2024-06-12,2024-06-12,USD,49956.00,H,160000,,,Vendor Payment,VEND009,,,,,INV-2024-081,31,K
1000,1900000082,2024,1,2024-06-14,2024-06-14,EUR,215252.00,H,800000,,,Customer Invoice,,CUST001,,,,INV-OUT-082,01,D
1000,1900000082,2024,2,2024-06-14,2024-06-14,EUR,40897.00,H,175000,,V1,Output Tax,,CUST001,,,,INV-OUT-082,50,D
1000,1900000082,2024,3,2024-06-14,2024-06-14,EUR,256149.00,S,140000,,,Customer Receivable,,CUST001,,,,INV-OUT-082,50,D
1000,1900000083,2024,1,2024-06-16,2024-06-16,EUR,75146.00,S,476000,4000,V1,Data Analytics,VEND005,,,,,INV-2024-083,40,K
1000,1900000083,2024,2,2024-06-16,2024-06-16,EUR,14277.00,S,154000,4000,V1,Input Tax,VEND005,,,,,INV-2024-083,40,K
1000,1900000083,2024,3,2024-06-16,2024-06-16,EUR,89423.00,H,160000,,,Vendor Payment,VEND005,,,,,INV-2024-083,31,K
1000,1900000084,2024,1,2024-06-18,2024-06-18,USD,6970.00,S,520000,1000,V0,IT Equipment,VEND007,,,,,INV-2024-084,40,K
1000,1900000084,2024,2,2024-06-18,2024-06-18,USD,1324.00,S,154000,1000,V0,Input Tax,VEND007,,,,,INV-2024-084,40,K
1000,1900000084,2024,3,2024-06-18,2024-06-18,USD,8294.00,H,160000,,,Vendor Payment,VEND007,,,,,INV-2024-084,31,K
1000,1900000085,2024,1,2024-06-20,2024-06-20,USD,78510.00,H,800000,,,Customer Invoice,,CUST008,,,,INV-OUT-085,01,D
1000,1900000085,2024,2,2024-06-20,2024-06-20,USD,14916.00,H,175000,,V0,Output Tax,,CUST008,,,,INV-OUT-085,50,D
1000,1900000085,2024,3,2024-06-20,2024-06-20,USD,93426.00,S,140000,,,Customer Receivable,,CUST008,,,,INV-OUT-085,50,D
1000,1900000086,2024,1,2024-06-22,2024-06-22,EUR,28451.00,S,520000,1000,V1,Network Equipment,VEND009,,,,,INV-2024-086,40,K
1000,1900000086,2024,2,2024-06-22,2024-06-22,EUR,5405.00,S,154000,1000,V1,Input Tax,VEND009,,,,,INV-2024-086,40,K
1000,1900000086,2024,3,2024-06-22,2024-06-22,EUR,33856.00,H,160000,,,Vendor Payment,VEND009,,,,,INV-2024-086,31,K
1000,1900000087,2024,1,2024-06-24,2024-06-24,USD,35925.00,S,476000,2000,V0,Audit Services,VEND003,,,,,INV-2024-087,40,K
1000,1900000087,2024,2,2024-06-24,2024-06-24,USD,6825.00,S,154000,2000,V0,Input Tax,VEND003,,,,,INV-2024-087,40,K
1000,1900000087,2024,3,2024-06-24,2024-06-24,USD,42750.00,H,160000,,,Vendor Payment,VEND003,,,,,INV-2024-087,31,K
1000,1900000088,2024,1,2024-06-26,2024-06-26,USD,124319.00,H,800000,,,Customer Invoice,,CUST009,,,,INV-OUT-088,01,D
1000,1900000088,2024,2,2024-06-26,2024-06-26,USD,23620.00,H,175000,,V0,Output Tax,,CUST009,,,,INV-OUT-088,50,D
1000,1900000088,2024,3,2024-06-26,2024-06-26,USD,147939.00,S,140000,,,Customer Receivable,,CUST009,,,,INV-OUT-088,50,D
1000,1900000089,2024,1,2024-06-28,2024-06-28,EUR,79329.00,S,476000,1000,V1,Office Supplies,VEND007,,,,,INV-2024-089,40,K
1000,1900000089,2024,2,2024-06-28,2024-06-28,EUR,15072.00,S,154000,1000,V1,Input Tax,VEND007,,,,,INV-2024-089,40,K
1000,1900000089,2024,3,2024-06-28,2024-06-28,EUR,94401.00,H,160000,,,Vendor Payment,VEND007,,,,,INV-2024-089,31,K
1000,1900000090,2024,1,2024-06-30,2024-06-30,USD,68734.00,S,476000,2000,V0,Legal Services,VEND008,,,,,INV-2024-090,40,K
1000,1900000090,2024,2,2024-06-30,2024-06-30,USD,13059.00,S,154000,2000,V0,Input Tax,VEND008,,,,,INV-2024-090,40,K
1000,1900000090,2024,3,2024-06-30,2024-06-30,USD,81793.00,H,160000,,,Vendor Payment,VEND008,,,,,INV-2024-090,31,K
1000,1900000091,2024,1,2024-07-02,2024-07-02,USD,96895.00,H,800000,,,Customer Invoice,,CUST010,,,,INV-OUT-091,01,D
1000,1900000091,2024,2,2024-07-02,2024-07-02,USD,18410.00,H,175000,,V0,Output Tax,,CUST010,,,,INV-OUT-091,50,D
1000,1900000091,2024,3,2024-07-02,2024-07-02,USD,115305.00,S,140000,,,Customer Receivable,,CUST010,,,,INV-OUT-091,50,D
1000,1900000092,2024,1,2024-07-04,2024-07-04,USD,64216.00,S,400000,1000,V0,Legal Services,VEND002,,,,,INV-2024-092,40,K
1000,1900000092,2024,2,2024-07-04,2024-07-04,USD,12201.00,S,154000,1000,V0,Input Tax,VEND002,,,,,INV-2024-092,40,K
1000,1900000092,2024,3,2024-07-04,2024-07-04,USD,76417.00,H,160000,,,Vendor Payment,VEND002,,,,,INV-2024-092,31,K
1000,1900000093,2024,1,2024-07-06,2024-07-06,EUR,53128.00,S,520000,4000,V1,Data Analytics,VEND004,,,,,INV-2024-093,40,K
1000,1900000093,2024,2,2024-07-06,2024-07-06,EUR,10094.00,S,154000,4000,V1,Input Tax,VEND004,,,,,INV-2024-093,40,K
1000,1900000093,2024,3,2024-07-06,2024-07-06,EUR,63222.00,H,160000,,,Vendor Payment,VEND004,,,,,INV-2024-093,31,K
1000,1900000094,2024,1,2024-07-08,2024-07-08,USD,221491.00,H,800000,,,Customer Invoice,,CUST010,,,,INV-OUT-094,01,D
1000,1900000094,2024,2,2024-07-08,2024-07-08,USD,42083.00,H,175000,,V0,Output Tax,,CUST010,,,,INV-OUT-094,50,D
1000,1900000094,2024,3,2024-07-08,2024-07-08,USD,263574.00,S,140000,,,Customer Receivable,,CUST010,,,,INV-OUT-094,50,D
1000,1900000095,2024,1,2024-07-10,2024-07-10,USD,13109.00,S,520000,3000,V0,Tax Advisory,VEND010,,,,,INV-2024-095,40,K
1000,1900000095,2024,2,2024-07-10,2024-07-10,USD,2490.00,S,154000,3000,V0,Input Tax,VEND010,,,,,INV-2024-095,40,K
1000,1900000095,2024,3,2024-07-10,2024-07-10,USD,15599.00,H,160000,,,Vendor Payment,VEND010,,,,,INV-2024-095,31,K
1000,1900000096,2024,1,2024-07-12,2024-07-12,USD,7704.00,S,520000,2000,V0,Maintenance Services,VEND006,,,,,INV-2024-096,40,K
1000,1900000096,2024,2,2024-07-12,2024-07-12,USD,1463.00,S,154000,2000,V0,Input Tax,VEND006,,,,,INV-2024-096,40,K
1000,1900000096,2024,3,2024-07-12,2024-07-12,USD,9167.00,H,160000,,,Vendor Payment,VEND006,,,,,INV-2024-096,31,K
1000,1900000097,2024,1,2024-07-14,2024-07-14,EUR,223531.00,H,800000,,,Customer Invoice,,CUST001,,,,INV-OUT-097,01,D
1000,1900000097,2024,2,2024-07-14,2024-07-14,EUR,42470.00,H,175000,,V1,Output Tax,,CUST001,,,,INV-OUT-097,50,D
1000,1900000097,2024,3,2024-07-14,2024-07-14,EUR,266001.00,S,140000,,,Customer Receivable,,CUST001,,,,INV-OUT-097,50,D
1000,1900000098,2024,1,2024-07-16,2024-07-16,USD,24012.00,S,476000,4000,V0,Marketing Services,VEND006,,,,,INV-2024-098,40,K
1000,1900000098,2024,2,2024-07-16,2024-07-16,USD,4562.00,S,154000,4000,V0,Input Tax,VEND006,,,,,INV-2024-098,40,K
1000,1900000098,2024,3,2024-07-16,2024-07-16,USD,28574.00,H,160000,,,Vendor Payment,VEND006,,,,,INV-2024-098,31,K
1000,1900000099,2024,1,2024-07-18,2024-07-18,USD,30057.00,S,476000,2000,V0,Audit Services,VEND001,,,,,INV-2024-099,40,K
1000,1900000099,2024,2,2024-07-18,2024-07-18,USD,5710.00,S,154000,2000,V0,Input Tax,VEND001,,,,,INV-2024-099,40,K
1000,1900000099,2024,3,2024-07-18,2024-07-18,USD,35767.00,H,160000,,,Vendor Payment,VEND001,,,,,INV-2024-099,31,K
1000,1900000100,2024,1,2024-07-20,2024-07-20,USD,51667.00,H,800000,,,Customer Invoice,,CUST001,,,,INV-OUT-100,01,D
1000,1900000100,2024,2,2024-07-20,2024-07-20,USD,9816.00,H,175000,,V0,Output Tax,,CUST001,,,,INV-OUT-100,50,D
1000,1900000100,2024,3,2024-07-20,2024-07-20,USD,61483.00,S,140000,,,Customer Receivable,,CUST001,,,,INV-OUT-100,50,D
1000,1900000101,2024,1,2024-07-22,2024-07-22,EUR,28795.00,S,520000,3000,V1,Maintenance Services,VEND002,,,,,INV-2024-101,40,K
1000,1900000101,2024,2,2024-07-22,2024-07-22,EUR,5471.00,S,154000,3000,V1,Input Tax,VEND002,,,,,INV-2024-101,40,K
1000,1900000101,2024,3,2024-07-22,2024-07-22,EUR,34266.00,H,160000,,,Vendor Payment,VEND002,,,,,INV-2024-101,31,K
1000,1900000102,2024,1,2024-07-24,2024-07-24,USD,45133.00,S,520000,1000,V0,Data Analytics,VEND009,,,,,INV-2024-102,40,K
1000,1900000102,2024,2,2024-07-24,2024-07-24,USD,8575.00,S,154000,1000,V0,Input Tax,VEND009,,,,,INV-2024-102,40,K
1000,1900000102,2024,3,2024-07-24,2024-07-24,USD,53708.00,H,160000,,,Vendor Payment,VEND009,,,,,INV-2024-102,31,K
1000,1900000103,2024,1,2024-07-26,2024-07-26,EUR,98699.00,H,800000,,,Customer Invoice,,CUST008,,,,INV-OUT-103,01,D
1000,1900000103,2024,2,2024-07-26,2024-07-26,EUR,18752.00,H,175000,,V1,Output Tax,,CUST008,,,,INV-OUT-103,50,D
1000,1900000103,2024,3,2024-07-26,2024-07-26,EUR,117451.00,S,140000,,,Customer Receivable,,CUST008,,,,INV-OUT-103,50,D
1000,1900000104,2024,1,2024-07-28,2024-07-28,USD,48734.00,S,520000,1000,V0,Project Management,VEND007,,,,,INV-2024-104,40,K
1000,1900000104,2024,2,2024-07-28,2024-07-28,USD,9259.00,S,154000,1000,V0,Input Tax,VEND007,,,,,INV-2024-104,40,K
1000,1900000104,2024,3,2024-07-28,2024-07-28,USD,57993.00,H,160000,,,Vendor Payment,VEND007,,,,,INV-2024-104,31,K
1000,1900000105,2024,1,2024-07-30,2024-07-30,EUR,44353.00,S,520000,1000,V1,Security Services,VEND002,,,,,INV-2024-105,40,K
1000,1900000105,2024,2,2024-07-30,2024-07-30,EUR,8427.00,S,154000,1000,V1,Input Tax,VEND002,,,,,INV-2024-105,40,K
1000,1900000105,2024,3,2024-07-30,2024-07-30,EUR,52780.00,H,160000,,,Vendor Payment,VEND002,,,,,INV-2024-105,31,K
1000,1900000106,2024,1,2024-08-01,2024-08-01,USD,152727.00,H,800000,,,Customer Invoice,,CUST010,,,,INV-OUT-106,01,D
1000,1900000106,2024,2,2024-08-01,2024-08-01,USD,29018.00,H,175000,,V0,Output Tax,,CUST010,,,,INV-OUT-106,50,D
1000,1900000106,2024,3,2024-08-01,2024-08-01,USD,181745.00,S,140000,,,Customer Receivable,,CUST010,,,,INV-OUT-106,50,D
1000,1900000107,2024,1,2024-08-03,2024-08-03,EUR,35466.00,S,400000,2000,V1,Marketing Services,VEND007,,,,,INV-2024-107,40,K
1000,1900000107,2024,2,2024-08-03,2024-08-03,EUR,6738.00,S,154000,2000,V1,Input Tax,VEND007,,,,,INV-2024-107,40,K
1000,1900000107,2024,3,2024-08-03,2024-08-03,EUR,42204.00,H,160000,,,Vendor Payment,VEND007,,,,,INV-2024-107,31,K
1000,1900000108,2024,1,2024-08-05,2024-08-05,USD,72747.00,S,520000,1000,V0,Office Supplies,VEND007,,,,,INV-2024-108,40,K
1000,1900000108,2024,2,2024-08-05,2024-08-05,USD,13821.00,S,154000,1000,V0,Input Tax,VEND007,,,,,INV-2024-108,40,K
1000,1900000108,2024,3,2024-08-05,2024-08-05,USD,86568.00,H,160000,,,Vendor Payment,VEND007,,,,,INV-2024-108,31,K
1000,1900000109,2024,1,2024-08-07,2024-08-07,EUR,73613.00,H,800000,,,Customer Invoice,,CUST006,,,,INV-OUT-109,01,D
1000,1900000109,2024,2,2024-08-07,2024-08-07,EUR,13986.00,H,175000,,V1,Output Tax,,CUST006,,,,INV-OUT-109,50,D
1000,1900000109,2024,3,2024-08-07,2024-08-07,EUR,87599.00,S,140000,,,Customer Receivable,,CUST006,,,,INV-OUT-109,50,D
1000,1900000110,2024,1,2024-08-09,2024-08-09,EUR,48191.00,S,476000,4000,V1,Tax Advisory,VEND002,,,,,INV-2024-110,40,K
1000,1900000110,2024,2,2024-08-09,2024-08-09,EUR,9156.00,S,154000,4000,V1,Input Tax,VEND002,,,,,INV-2024-110,40,K
1000,1900000110,2024,3,2024-08-09,2024-08-09,EUR,57347.00,H,160000,,,Vendor Payment,VEND002,,,,,INV-2024-110,31,K
1000,1900000111,2024,1,2024-08-11,2024-08-11,EUR,10484.00,S,400000,3000,V1,Network Equipment,VEND002,,,,,INV-2024-111,40,K
1000,1900000111,2024,2,2024-08-11,2024-08-11,EUR,1991.00,S,154000,3000,V1,Input Tax,VEND002,,,,,INV-2024-111,40,K
1000,1900000111,2024,3,2024-08-11,2024-08-11,EUR,12475.00,H,160000,,,Vendor Payment,VEND002,,,,,INV-2024-111,31,K
1000,1900000112,2024,1,2024-08-13,2024-08-13,USD,222864.00,H,800000,,,Customer Invoice,,CUST008,,,,INV-OUT-112,01,D
1000,1900000112,2024,2,2024-08-13,2024-08-13,USD,42344.00,H,175000,,V0,Output Tax,,CUST008,,,,INV-OUT-112,50,D
1000,1900000112,2024,3,2024-08-13,2024-08-13,USD,265208.00,S,140000,,,Customer Receivable,,CUST008,,,,INV-OUT-112,50,D
1000,1900000113,2024,1,2024-08-15,2024-08-15,USD,65359.00,S,520000,3000,V0,Audit Services,VEND004,,,,,INV-2024-113,40,K
1000,1900000113,2024,2,2024-08-15,2024-08-15,USD,12418.00,S,154000,3000,V0,Input Tax,VEND004,,,,,INV-2024-113,40,K
1000,1900000113,2024,3,2024-08-15,2024-08-15,USD,77777.00,H,160000,,,Vendor Payment,VEND004,,,,,INV-2024-113,31,K
1000,1900000114,2024,1,2024-08-17,2024-08-17,USD,10563.00,S,520000,1000,V0,Employee Training,VEND005,,,,,INV-2024-114,40,K
1000,1900000114,2024,2,2024-08-17,2024-08-17,USD,2006.00,S,154000,1000,V0,Input Tax,VEND005,,,,,INV-2024-114,40,K
1000,1900000114,2024,3,2024-08-17,2024-08-17,USD,12569.00,H,160000,,,Vendor Payment,VEND005,,,,,INV-2024-114,31,K
1000,1900000115,2024,1,2024-08-19,2024-08-19,USD,89889.00,H,800000,,,Customer Invoice,,CUST002,,,,INV-OUT-115,01,D
1000,1900000115,2024,2,2024-08-19,2024-08-19,USD,17078.00,H,175000,,V0,Output Tax,,CUST002,,,,INV-OUT-115,50,D
1000,1900000115,2024,3,2024-08-19,2024-08-19,USD,106967.00,S,140000,,,Customer Receivable,,CUST002,,,,INV-OUT-115,50,D
1000,1900000116,2024,1,2024-08-21,2024-08-21,USD,18061.00,S,400000,3000,V0,Consulting Services,VEND010,,,,,INV-2024-116,40,K
1000,1900000116,2024,2,2024-08-21,2024-08-21,USD,3431.00,S,154000,3000,V0,Input Tax,VEND010,,,,,INV-2024-116,40,K
1000,1900000116,2024,3,2024-08-21,2024-08-21,USD,21492.00,H,160000,,,Vendor Payment,VEND010,,,,,INV-2024-116,31,K
1000,1900000117,2024,1,2024-08-23,2024-08-23,EUR,20258.00,S,400000,1000,V1,Tax Advisory,VEND010,,,,,INV-2024-117,40,K
1000,1900000117,2024,2,2024-08-23,2024-08-23,EUR,3849.00,S,154000,1000,V1,Input Tax,VEND010,,,,,INV-2024-117,40,K
1000,1900000117,2024,3,2024-08-23,2024-08-23,EUR,24107.00,H,160000,,,Vendor Payment,VEND010,,,,,INV-2024-117,31,K
1000,1900000118,2024,1,2024-08-25,2024-08-25,EUR,200387.00,H,800000,,,Customer Invoice,,CUST002,,,,INV-OUT-118,01,D
1000,1900000118,2024,2,2024-08-25,2024-08-25,EUR,38073.00,H,175000,,V1,Output Tax,,CUST002,,,,INV-OUT-118,50,D
1000,1900000118,2024,3,2024-08-25,2024-08-25,EUR,238460.00,S,140000,,,Customer Receivable,,CUST002,,,,INV-OUT-118,50,D
1000,1900000119,2024,1,2024-08-27,2024-08-27,USD,59952.00,S,400000,3000,V0,Hardware Purchase,VEND005,,,,,INV-2024-119,40,K
1000,1900000119,2024,2,2024-08-27,2024-08-27,USD,11390.00,S,154000,3000,V0,Input Tax,VEND005,,,,,INV-2024-119,40,K
1000,1900000119,2024,3,2024-08-27,2024-08-27,USD,71342.00,H,160000,,,Vendor Payment,VEND005,,,,,INV-2024-119,31,K
1000,1900000120,2024,1,2024-08-29,2024-08-29,USD,13565.00,S,400000,2000,V0,Training Services,VEND010,,,,,INV-2024-120,40,K
1000,1900000120,2024,2,2024-08-29,2024-08-29,USD,2577.00,S,154000,2000,V0,Input Tax,VEND010,,,,,INV-2024-120,40,K
1000,1900000120,2024,3,2024-08-29,2024-08-29,USD,16142.00,H,160000,,,Vendor Payment,VEND010,,,,,INV-2024-120,31,K
1000,1900000121,2024,1,2024-08-31,2024-08-31,USD,106263.00,H,800000,,,Customer Invoice,,CUST006,,,,INV-OUT-121,01,D
1000,1900000121,2024,2,2024-08-31,2024-08-31,USD,20189.00,H,175000,,V0,Output Tax,,CUST006,,,,INV-OUT-121,50,D
1000,1900000121,2024,3,2024-08-31,2024-08-31,USD,126452.00,S,140000,,,Customer Receivable,,CUST006,,,,INV-OUT-121,50,D
1000,1900000122,2024,1,2024-09-02,2024-09-02,USD,52639.00,S,400000,4000,V0,Tax Advisory,VEND001,,,,,INV-2024-122,40,K
1000,1900000122,2024,2,2024-09-02,2024-09-02,USD,10001.00,S,154000,4000,V0,Input Tax,VEND001,,,,,INV-2024-122,40,K
1000,1900000122,2024,3,2024-09-02,2024-09-02,USD,62640.00,H,160000,,,Vendor Payment,VEND001,,,,,INV-2024-122,31,K
1000,1900000123,2024,1,2024-09-04,2024-09-04,USD,29911.00,S,400000,1000,V0,Legal Services,VEND002,,,,,INV-2024-123,40,K
1000,1900000123,2024,2,2024-09-04,2024-09-04,USD,5683.00,S,154000,1000,V0,Input Tax,VEND002,,,,,INV-2024-123,40,K
1000,1900000123,2024,3,2024-09-04,2024-09-04,USD,35594.00,H,160000,,,Vendor Payment,VEND002,,,,,INV-2024-123,31,K
1000,1900000124,2024,1,2024-09-06,2024-09-06,USD,228664.00,H,800000,,,Customer Invoice,,CUST006,,,,INV-OUT-124,01,D
1000,1900000124,2024,2,2024-09-06,2024-09-06,USD,43446.00,H,175000,,V0,Output Tax,,CUST006,,,,INV-OUT-124,50,D
1000,1900000124,2024,3,2024-09-06,2024-09-06,USD,272110.00,S,140000,,,Customer Receivable,,CUST006,,,,INV-OUT-124,50,D
1000,1900000125,2024,1,2024-09-08,2024-09-08,EUR,26449.00,S,476000,4000,V1,Facility Management,VEND005,,,,,INV-2024-125,40,K
1000,1900000125,2024,2,2024-09-08,2024-09-08,EUR,5025.00,S,154000,4000,V1,Input Tax,VEND005,,,,,INV-2024-125,40,K
1000,1900000125,2024,3,2024-09-08,2024-09-08,EUR,31474.00,H,160000,,,Vendor Payment,VEND005,,,,,INV-2024-125,31,K
1000,1900000126,2024,1,2024-09-10,2024-09-10,USD,32711.00,S,520000,2000,V0,Business Consulting,VEND003,,,,,INV-2024-126,40,K
1000,1900000126,2024,2,2024-09-10,2024-09-10,USD,6215.00,S,154000,2000,V0,Input Tax,VEND003,,,,,INV-2024-126,40,K
1000,1900000126,2024,3,2024-09-10,2024-09-10,USD,38926.00,H,160000,,,Vendor Payment,VEND003,,,,,INV-2024-126,31,K
1000,1900000127,2024,1,2024-09-12,2024-09-12,USD,68785.00,H,800000,,,Customer Invoice,,CUST006,,,,INV-OUT-127,01,D
1000,1900000127,2024,2,2024-09-12,2024-09-12,USD,13069.00,H,175000,,V0,Output Tax,,CUST006,,,,INV-OUT-127,50,D
1000,1900000127,2024,3,2024-09-12,2024-09-12,USD,81854.00,S,140000,,,Customer Receivable,,CUST006,,,,INV-OUT-127,50,D
1000,1900000128,2024,1,2024-09-14,2024-09-14,USD,42537.00,S,400000,1000,V0,Software Licenses,VEND007,,,,,INV-2024-128,40,K
1000,1900000128,2024,2,2024-09-14,2024-09-14,USD,8082.00,S,154000,1000,V0,Input Tax,VEND007,,,,,INV-2024-128,40,K
1000,1900000128,2024,3,2024-09-14,2024-09-14,USD,50619.00,H,160000,,,Vendor Payment,VEND007,,,,,INV-2024-128,31,K
1000,1900000129,2024,1,2024-09-16,2024-09-16,USD,29227.00,S,400000,1000,V0,IT Equipment,VEND009,,,,,INV-2024-129,40,K
1000,1900000129,2024,2,2024-09-16,2024-09-16,USD,5553.00,S,154000,1000,V0,Input Tax,VEND009,,,,,INV-2024-129,40,K
1000,1900000129,2024,3,2024-09-16,2024-09-16,USD,34780.00,H,160000,,,Vendor Payment,VEND009,,,,,INV-2024-129,31,K
1000,1900000130,2024,1,2024-09-18,2024-09-18,EUR,69153.00,H,800000,,,Customer Invoice,,CUST008,,,,INV-OUT-130,01,D
1000,1900000130,2024,2,2024-09-18,2024-09-18,EUR,13139.00,H,175000,,V1,Output Tax,,CUST008,,,,INV-OUT-130,50,D
1000,1900000130,2024,3,2024-09-18,2024-09-18,EUR,82292.00,S,140000,,,Customer Receivable,,CUST008,,,,INV-OUT-130,50,D
1000,1900000131,2024,1,2024-09-20,2024-09-20,USD,53624.00,S,476000,4000,V0,Facility Management,VEND004,,,,,INV-2024-131,40,K
1000,1900000131,2024,2,2024-09-20,2024-09-20,USD,10188.00,S,154000,4000,V0,Input Tax,VEND004,,,,,INV-2024-131,40,K
1000,1900000131,2024,3,2024-09-20,2024-09-20,USD,63812.00,H,160000,,,Vendor Payment,VEND004,,,,,INV-2024-131,31,K
1000,1900000132,2024,1,2024-09-22,2024-09-22,EUR,79314.00,S,476000,3000,V1,Project Management,VEND006,,,,,INV-2024-132,40,K
1000,1900000132,2024,2,2024-09-22,2024-09-22,EUR,15069.00,S,154000,3000,V1,Input Tax,VEND006,,,,,INV-2024-132,40,K
1000,1900000132,2024,3,2024-09-22,2024-09-22,EUR,94383.00,H,160000,,,Vendor Payment,VEND006,,,,,INV-2024-132,31,K
1000,1900000133,2024,1,2024-09-24,2024-09-24,USD,246560.00,H,800000,,,Customer Invoice,,CUST002,,,,INV-OUT-133,01,D
1000,1900000133,2024,2,2024-09-24,2024-09-24,USD,46846.00,H,175000,,V0,Output Tax,,CUST002,,,,INV-OUT-133,50,D
1000,1900000133,2024,3,2024-09-24,2024-09-24,USD,293406.00,S,140000,,,Customer Receivable,,CUST002,,,,INV-OUT-133,50,D
1000,1900000134,2024,1,2024-09-26,2024-09-26,USD,19202.00,S,520000,4000,V0,Business Consulting,VEND009,,,,,INV-2024-134,40,K
1000,1900000134,2024,2,2024-09-26,2024-09-26,USD,3648.00,S,154000,4000,V0,Input Tax,VEND009,,,,,INV-2024-134,40,K
1000,1900000134,2024,3,2024-09-26,2024-09-26,USD,22850.00,H,160000,,,Vendor Payment,VEND009,,,,,INV-2024-134,31,K
1000,1900000135,2024,1,2024-09-28,2024-09-28,EUR,72190.00,S,400000,3000,V1,Digital Marketing,VEND002,,,,,INV-2024-135,40,K
1000,1900000135,2024,2,2024-09-28,2024-09-28,EUR,13716.00,S,154000,3000,V1,Input Tax,VEND002,,,,,INV-2024-135,40,K
1000,1900000135,2024,3,2024-09-28,2024-09-28,EUR,85906.00,H,160000,,,Vendor Payment,VEND002,,,,,INV-2024-135,31,K
1000,1900000136,2024,1,2024-09-30,2024-09-30,USD,238523.00,H,800000,,,Customer Invoice,,CUST010,,,,INV-OUT-136,01,D
1000,1900000136,2024,2,2024-09-30,2024-09-30,USD,45319.00,H,175000,,V0,Output Tax,,CUST010,,,,INV-OUT-136,50,D
1000,1900000136,2024,3,2024-09-30,2024-09-30,USD,283842.00,S,140000,,,Customer Receivable,,CUST010,,,,INV-OUT-136,50,D
1000,1900000137,2024,1,2024-10-02,2024-10-02,USD,28327.00,S,520000,4000,V0,Software Licenses,VEND002,,,,,INV-2024-137,40,K
1000,1900000137,2024,2,2024-10-02,2024-10-02,USD,5382.00,S,154000,4000,V0,Input Tax,VEND002,,,,,INV-2024-137,40,K
1000,1900000137,2024,3,2024-10-02,2024-10-02,USD,33709.00,H,160000,,,Vendor Payment,VEND002,,,,,INV-2024-137,31,K
1000,1900000138,2024,1,2024-10-04,2024-10-04,EUR,62313.00,S,400000,1000,V1,Audit Services,VEND010,,,,,INV-2024-138,40,K
1000,1900000138,2024,2,2024-10-04,2024-10-04,EUR,11839.00,S,154000,1000,V1,Input Tax,VEND010,,,,,INV-2024-138,40,K
1000,1900000138,2024,3,2024-10-04,2024-10-04,EUR,74152.00,H,160000,,,Vendor Payment,VEND010,,,,,INV-2024-138,31,K
1000,1900000139,2024,1,2024-10-06,2024-10-06,EUR,163054.00,H,800000,,,Customer Invoice,,CUST006,,,,INV-OUT-139,01,D
1000,1900000139,2024,2,2024-10-06,2024-10-06,EUR,30980.00,H,175000,,V1,Output Tax,,CUST006,,,,INV-OUT-139,50,D
1000,1900000139,2024,3,2024-10-06,2024-10-06,EUR,194034.00,S,140000,,,Customer Receivable,,CUST006,,,,INV-OUT-139,50,D
